1523362608410,acc,0.0504608,-0.163025,-0.977936
1523362608412,gyro,0.14755,0.0336834,0.00793143
1523362608413,mag,104.787,275.859,80.595
1523362608413,ori,1.88042,8.66587,20.6447
1523362608419,acc,0.0476532,-0.168976,-0.961884
1523362608420,gyro,0.100599,-0.00710665,0.0182064
1523362608420,mag,105.013,276.085,80.5168
1523362608421,ori,1.87241,8.69714,20.6532
1523362608427,acc,0.0349121,-0.16774,-0.980789
1523362608428,gyro,0.0885376,-0.0708521,-0.0162453
1523362608428,mag,105.013,276.085,80.5168
1523362608429,ori,1.85308,8.74587,20.6661
1523362608434,gps,39.9904521931196,116.30725146336
1523362608439,gps,39.9904521931196,116.30725146336
1523362608440,acc,0.0130463,-0.182648,-1.00302
1523362608440,gyro,0.132825,-0.0800181,-0.0458514
1523362608441,mag,105.239,276.085,81.1886
1523362608441,ori,1.81621,8.80103,20.6553
1523362608447,acc,-0.00326538,-0.175751,-0.983902
1523362608448,gyro,0.17882,-0.022007,-0.0808368
1523362608448,mag,105.239,276.085,81.1886
1523362608448,ori,1.7992,8.89149,20.6265
1523362608458,acc,0.00291443,-0.162323,-0.976471
1523362608459,gyro,0.18246,-0.0216752,-0.124818
1523362608459,mag,105.312,275.936,80.4377
1523362608459,ori,1.81294,8.99415,20.574
1523362608467,acc,0.0308075,-0.170303,-0.958649
1523362608468,gyro,0.150464,-0.0260042,-0.136953
1523362608468,mag,105.312,275.936,80.4377
1523362608468,ori,1.83318,9.08961,20.4988
1523362608477,acc,0.0495453,-0.178024,-0.951874
1523362608478,gyro,0.110607,-0.0167097,-0.122332
1523362608478,mag,104.938,275.859,80.9679
1523362608479,ori,1.85639,9.16605,20.4215
1523362608487,acc,0.0512695,-0.174347,-0.955994
1523362608487,gyro,0.0609563,0.00635244,-0.102449
1523362608488,mag,104.938,275.859,80.9679
1523362608488,ori,1.88349,9.22546,20.3552
1523362608497,acc,0.0488892,-0.169205,-0.963821
1523362608498,gyro,0.0102007,0.041169,-0.0879506
1523362608498,mag,105.013,276.009,80.5918
1523362608499,ori,1.92412,9.26105,20.3006
1523362608507,acc,0.0500793,-0.170807,-0.98381
1523362608508,gyro,-0.0156655,0.0462903,-0.0764066
1523362608508,mag,105.013,276.009,80.5918
1523362608509,ori,1.96864,9.26699,20.2562
1523362608517,acc,0.053299,-0.175659,-0.985748
1523362608518,gyro,-0.0275339,0.0461728,-0.0679386
1523362608518,mag,104.713,275.933,80.8961
1523362608518,ori,1.99769,9.26929,20.2211
1523362608527,acc,0.0519257,-0.171722,-0.996964
1523362608528,gyro,-0.0370664,0.0194272,-0.0594354
1523362608528,mag,104.713,275.933,80.8961
1523362608529,ori,2.01291,9.26152,20.1931
1523362608533,gps,39.9901254999602,116.306864733493
1523362608537,acc,0.0506744,-0.174332,-1.01578
1523362608538,gyro,-0.0205055,-0.0336962,-0.0699802
1523362608538,mag,104.861,275.559,80.9692
1523362608539,ori,2.01156,9.24429,20.1678
1523362608547,acc,0.0509949,-0.185303,-1.01776
1523362608548,gyro,-0.00274119,-0.0920727,-0.090173
1523362608548,mag,104.861,275.559,80.9692
1523362608548,ori,2.00002,9.24467,20.13
1523362608558,acc,0.0477753,-0.192078,-1.03268
1523362608558,gyro,0.0165619,-0.191876,-0.127511
1523362608559,mag,104.86,275.635,79.8441
1523362608559,ori,1.9642,9.25891,20.0762
1523362608567,gps,39.9898528787698,116.306542012451
1523362608568,acc,0.0373993,-0.188904,-1.04547
1523362608569,gyro,0.0540968,-0.292652,-0.165735
1523362608569,mag,104.86,275.635,79.8441
1523362608570,ori,1.87716,9.28412,19.9991
1523362608577,acc,0.0516815,-0.168579,-1.04552
1523362608578,gyro,0.073438,-0.406353,-0.196625
1523362608578,mag,104.711,275.483,80.6713
1523362608579,ori,1.73068,9.32355,19.9003
1523362608587,acc,0.0781403,-0.179733,-1.02794
1523362608588,gyro,0.0592457,-0.49474,-0.21391
1523362608588,mag,104.711,275.483,80.6713
1523362608589,ori,1.52709,9.36893,19.7847
1523362608597,acc,0.106186,-0.200119,-1.01843
1523362608598,gyro,0.00866459,-0.634691,-0.197188
1523362608598,mag,104.412,275.783,80.4503
1523362608599,ori,1.2719,9.40207,19.6643
1523362608607,acc,0.10025,-0.197632,-1.03557
1523362608608,gyro,-0.0457512,-0.831104,-0.184775
1523362608608,mag,104.412,275.783,80.4503
1523362608609,ori,0.92511,9.40013,19.5547
1523362608617,gps,39.9896247243132,116.306271929837
1523362608618,acc,0.0809784,-0.184479,-1.1116
1523362608619,gyro,-0.0228212,-1.057,-0.170488
1523362608619,mag,103.964,275.93,81.8065
1523362608619,ori,0.459253,9.37551,19.4531
1523362608627,acc,0.0810547,-0.172394,-1.1955
1523362608628,gyro,0.135098,-1.40037,-0.176248
1523362608628,mag,103.964,275.93,81.8065
1523362608629,ori,-0.148924,9.3858,19.3566
1523362608636,gps,39.9894350138669,116.306047356125
1523362608642,acc,0.121933,-0.208145,-1.17029
1523362608642,gyro,0.399319,-1.7128,-0.117593
1523362608643,mag,103.438,275.478,82.1891
1523362608643,ori,-1.46702,9.61853,19.2351
1523362608647,acc,0.139969,-0.256699,-1.14485
1523362608647,gyro,0.657695,-1.68304,0.0664704
1523362608648,mag,103.438,275.478,82.1891
1523362608648,ori,-1.9592,9.77219,19.2327
1523362608658,acc,0.0848999,-0.22049,-1.07239
1523362608659,gyro,0.825289,-1.40334,0.253796
1523362608659,mag,102.988,275.251,82.6456
1523362608660,ori,-2.89378,10.1773,19.3242
1523362608667,acc,0.00852966,-0.13382,-1.01561
1523362608668,gyro,0.786232,-1.19335,0.367113
1523362608668,mag,102.988,275.251,82.6456
1523362608668,ori,-3.68534,10.644,19.5251
1523362608677,acc,0.00491333,-0.0794983,-1.00038
1523362608677,gyro,0.619498,-1.33818,0.541549
1523362608678,mag,101.641,275.772,83.0392
1523362608678,ori,-4.41579,11.0585,19.7889
1523362608687,acc,0.0512848,-0.167221,-1.07845
1523362608688,gyro,0.512788,-1.77303,0.930372
1523362608688,mag,101.641,275.772,83.0392
1523362608688,ori,-5.30769,11.3562,20.2086
1523362608697,acc,-0.0581512,-0.268356,-1.07498
1523362608698,gyro,0.432533,-1.69168,0.527984
1523362608698,mag,101.266,275.62,83.9445
1523362608699,ori,-6.42159,11.5958,20.7419
1523362608708,acc,-0.0576782,-0.385773,-1.22681
1523362608708,gyro,0.279014,-1.68649,0.443748
1523362608709,mag,101.266,275.62,83.9445
1523362608709,ori,-7.43497,11.7893,21.0427
1523362608717,acc,-0.0299835,-0.331116,-1.52789
1523362608718,gyro,0.228091,-1.90434,0.773997
1523362608718,mag,100.217,275.541,84.5592
1523362608719,ori,-8.48627,11.8896,21.3768
1523362608727,acc,-0.237381,-0.18924,-1.98489
1523362608728,gyro,0.657748,-2.12139,0.718347
1523362608728,mag,100.217,275.541,84.5592
1523362608729,ori,-9.70809,11.9862,21.8694
1523362608737,acc,-0.478195,-0.116623,-2.38193
1523362608738,gyro,1.5992,-2.23533,0.296395
1523362608738,mag,99.1699,276.288,84.4235
1523362608738,ori,-11.0174,12.414,22.3291
1523362608748,acc,-0.585449,-0.0626984,-2.5766
1523362608748,gyro,2.62109,-2.77175,-0.149249
1523362608748,mag,99.1699,276.288,84.4235
1523362608749,ori,-12.4234,13.4443,22.6611
1523362608758,acc,-0.553238,0.0132751,-2.6185
1523362608759,gyro,3.43489,-3.66206,-0.418643
1523362608759,mag,98.2662,275.235,85.1117
1523362608760,ori,-14.1932,15.0576,22.9202
1523362608767,acc,-0.632431,-0.0430145,-2.45238
1523362608768,gyro,4.12044,-4.03099,-0.670241
1523362608769,mag,98.2662,275.235,85.1117
1523362608769,ori,-16.4571,17.1233,23.2307
1523362608777,acc,-0.814651,0.0370941,-1.87173
1523362608778,gyro,4.68777,-3.42881,-1.49999
1523362608778,mag,96.4562,273.28,84.313
1523362608778,ori,-18.7875,19.6228,23.5215
1523362608787,acc,-0.0595093,-0.494431,-1.0405
1523362608788,gyro,4.54287,-2.40117,-1.36019
1523362608788,mag,96.4562,273.28,84.313
1523362608789,ori,-20.6474,22.4708,23.5988
1523362608797,acc,0.578629,-0.93306,-0.237549
1523362608798,gyro,3.63476,-0.782161,-0.0903773
1523362608798,mag,94.4068,268.175,83.3692
1523362608799,ori,-21.9419,25.0263,23.9762
1523362608808,acc,-0.129181,-0.310928,0.0856171
1523362608808,gyro,2.47681,0.288236,0.394451
1523362608808,mag,94.4068,268.175,83.3692
1523362608809,ori,-22.5984,26.7618,24.8555
1523362608817,acc,-0.369675,-0.135132,0.194092
1523362608818,gyro,2.04753,1.42825,0.274711
1523362608818,mag,92.7358,264.046,81.7447
1523362608819,ori,-22.6202,27.9123,25.6545
1523362608827,acc,-0.29689,-0.278366,0.347916
1523362608828,gyro,1.86169,2.02697,0.316581
1523362608829,mag,92.7358,264.046,81.7447
1523362608829,ori,-22.002,28.9192,26.329
1523362608837,acc,-0.279968,-0.207428,0.93866
1523362608838,gyro,1.32732,2.47863,0.276585
1523362608838,mag,92.123,261.646,80.4044
1523362608839,ori,-21.0753,29.7919,26.9573
1523362608847,acc,-0.311203,-0.265182,1.60735
1523362608848,gyro,0.19409,2.81444,0.0898902
1523362608848,mag,92.123,261.646,80.4044
1523362608849,ori,-19.782,30.3229,27.3628
1523362608857,acc,-0.493301,-0.284531,2.06281
1523362608859,gyro,-1.38496,2.51727,-0.389884
1523362608859,mag,93.3872,259.927,78.3626
1523362608859,ori,-18.1519,30.2249,27.33
1523362608867,acc,-0.638519,-0.434799,2.31947
1523362608868,gyro,-3.13597,1.69014,-1.08162
1523362608868,mag,93.3872,259.927,78.3626
1523362608869,ori,-16.4526,29.3218,26.6248
1523362608877,acc,-0.752823,-0.365677,2.49217
1523362608878,gyro,-3.13597,1.69014,-1.08162
1523362608878,mag,96.0901,261.663,75.0989
1523362608879,ori,-14.9331,27.5347,25.2075
1523362608887,acc,-0.744537,-0.127228,2.53462
1523362608888,gyro,-7.23542,0.145046,-2.48732
1523362608889,mag,100.394,268.503,73.6102
1523362608889,ori,-13.6286,24.7119,23.1026
1523362608897,acc,-0.888763,0.185211,2.20049
1523362608898,gyro,-9.3756,-0.669906,-3.05741
1523362608899,mag,100.394,268.503,73.6102
1523362608899,ori,-12.6054,20.7018,20.4154
1523362608907,acc,-0.920868,0.683395,1.7724
1523362608908,gyro,-11.1589,-1.18096,-3.41786
1523362608909,mag,103.975,278.857,80.0049
1523362608909,ori,-12.0931,15.5593,17.2769
1523362608914,gps,39.9903209425926,116.307236250753
1523362608917,acc,-0.623917,1.10837,1.03821
1523362608918,gyro,-12.4605,-1.51802,-3.20015
1523362608918,mag,103.975,278.857,80.0049
1523362608919,ori,-12.0958,9.49797,13.9033
1523362608927,acc,-0.44516,1.49077,0.295593
1523362608928,gyro,-12.9407,-1.18558,-2.77359
1523362608929,mag,102.51,283.192,90.5983
1523362608929,ori,-12.5661,2.80046,10.6222
1523362608937,acc,-0.347076,1.94998,-0.652557
1523362608938,gyro,-12.7899,-1.3559,-2.39836
1523362608938,mag,102.51,283.192,90.5983
1523362608939,ori,-13.2384,-4.1112,7.46007
1523362608947,acc,-0.122147,2.29025,-2.30135
1523362608948,gyro,-11.6237,-3.32847,-1.73609
1523362608948,mag,97.6402,282.873,94.8666
1523362608949,ori,-14.6429,-10.8057,4.45179
1523362608957,acc,0.196991,2.14084,-4.04124
1523362608958,gyro,-9.11403,-5.12702,-0.516947
1523362608959,mag,97.6402,282.873,94.8666
1523362608959,ori,-17.4681,-16.6907,1.83907
1523362608967,acc,0.183655,2.03548,-5.12436
1523362608968,gyro,-5.49189,-4.84747,0.669706
1523362608968,mag,94.3463,283.461,97.1624
1523362608969,ori,-21.0287,-21.145,0.0891653
1523362608977,acc,-0.161392,2.37596,-5.14995
1523362608978,gyro,-1.5113,-2.36209,1.0356
1523362608979,mag,94.3463,283.461,97.1624
1523362608979,ori,-23.7055,-23.7085,-0.500303
1523362608987,acc,-0.272583,2.34476,-4.68524
1523362608988,gyro,1.85608,0.180353,1.05811
1523362608989,mag,93.7491,283.909,97.6956
1523362608990,ori,-24.4684,-24.2581,-0.0573021
1523362608997,acc,-0.0283508,1.87465,-3.99066
1523362608997,gyro,1.85608,0.180353,1.05811
1523362608998,mag,93.7491,283.909,97.6956
1523362608998,ori,-23.621,-23.2517,1.2221
1523362609007,acc,0.10437,1.68112,-3.19524
1523362609008,gyro,4.95399,2.28193,1.90367
1523362609008,mag,96.1498,284.442,96.5367
1523362609009,ori,-21.9771,-21.3954,3.08266
1523362609017,acc,0.284821,1.46161,-2.75703
1523362609018,gyro,4.95399,2.28193,1.90367
1523362609018,mag,96.1498,284.442,96.5367
1523362609019,ori,-19.7206,-19.0453,5.41771
1523362609027,acc,0.331039,1.32825,-2.60762
1523362609028,gyro,5.86293,3.05827,2.72749
1523362609028,mag,98.7766,285.577,94.3243
1523362609029,ori,-17.028,-16.2437,8.27367
1523362609037,acc,0.216797,1.28261,-2.35863
1523362609038,gyro,6.92588,3.36185,3.60353
1523362609038,mag,98.7766,285.577,94.3243
1523362609039,ori,-14.2475,-12.8646,11.581
1523362609047,acc,0.0379486,1.2464,-1.95003
1523362609048,gyro,8.45948,3.60417,4.7206
1523362609048,mag,103.051,287.546,88.0385
1523362609049,ori,-11.5645,-8.92286,15.1341
1523362609057,acc,-0.134842,1.12231,-1.46742
1523362609058,gyro,8.45948,3.60417,4.7206
1523362609058,mag,103.051,287.546,88.0385
1523362609059,ori,-9.03351,-4.59664,18.7604
1523362609067,acc,-0.394287,0.915344,-1.05159
1523362609068,gyro,8.6765,3.77094,5.08885
1523362609068,mag,107.907,286.445,78.9711
1523362609068,ori,-6.69983,-0.0812918,22.3644
1523362609077,acc,-0.658997,0.732086,-0.82309
1523362609078,gyro,8.50326,3.76528,5.1676
1523362609078,mag,107.907,286.445,78.9711
1523362609079,ori,-4.68431,4.44785,25.7717
1523362609087,acc,-0.688248,0.580124,-0.697937
1523362609088,gyro,8.15719,3.47728,4.82815
1523362609088,mag,109.741,280.535,69.0484
1523362609089,ori,-3.08564,8.89262,28.8139
1523362609097,acc,-0.550018,0.417877,-0.521042
1523362609098,gyro,7.86879,3.12701,4.44423
1523362609098,mag,109.741,280.535,69.0484
1523362609099,ori,-1.83566,13.2576,31.5741
1523362609108,acc,-0.382477,0.230896,-0.287567
1523362609108,gyro,6.88089,3.05181,4.16471
1523362609109,mag,108.648,272.286,64.9428
1523362609109,ori,-0.793173,17.403,34.1463
1523362609117,acc,-0.284119,0.138336,-0.0855255
1523362609118,gyro,6.88089,3.05181,4.16471
1523362609118,mag,108.648,272.286,64.9428
1523362609119,ori,0.132051,21.2383,36.7427
1523362609127,acc,-0.361313,0.1194,-0.0373535
1523362609128,gyro,6.14214,3.22122,4.41585
1523362609128,mag,106.891,265.682,63.3957
1523362609129,ori,0.925261,24.6812,39.5046
1523362609137,acc,-0.478683,0.0610352,-0.116791
1523362609138,gyro,5.36963,3.17605,4.55293
1523362609138,mag,106.891,265.682,63.3957
1523362609139,ori,1.46102,27.7302,42.3448
1523362609147,acc,-0.505188,-0.0363617,-0.191254
1523362609148,gyro,4.83067,2.8266,4.48103
1523362609148,mag,105.077,262.15,64.9978
1523362609149,ori,1.63385,30.5192,45.1854
1523362609158,acc,-0.497253,-0.146927,-0.171234
1523362609158,gyro,4.19637,1.59818,4.18091
1523362609159,mag,105.077,262.15,64.9978
1523362609159,ori,1.33528,33.1309,48.0283
1523362609167,acc,-0.478027,-0.254379,-0.0656891
1523362609168,gyro,4.19637,1.59818,4.18091
1523362609168,mag,103.42,259.893,66.8222
1523362609169,ori,0.57922,35.524,50.8559
1523362609177,acc,-0.520706,-0.321091,0.0168457
1523362609178,gyro,3.75622,0.967866,3.96411
1523362609178,mag,103.42,259.893,66.8222
1523362609179,ori,-0.608845,37.6003,53.6406
1523362609187,acc,-0.537216,-0.369705,0.0111847
1523362609187,gyro,3.1928,0.317366,3.65696
1523362609188,mag,101.468,258.835,69.1
1523362609188,ori,-2.16262,39.3104,56.3227
1523362609197,acc,-0.535141,-0.438614,-0.129974
1523362609198,gyro,2.66448,-0.20996,3.28462
1523362609198,mag,101.468,258.835,69.1
1523362609199,ori,-3.94454,40.6847,58.8065
1523362609207,acc,-0.485626,-0.498596,-0.24234
1523362609209,gyro,2.25369,-1.17172,2.49925
1523362609209,mag,98.997,258.825,71.5346
1523362609210,ori,-5.92141,41.8718,61.0693
1523362609217,acc,-0.430267,-0.511124,-0.262283
1523362609218,gyro,2.25369,-1.17172,2.49925
1523362609218,mag,98.997,258.825,71.5346
1523362609219,ori,-8.03504,42.9848,63.1584
1523362609227,acc,-0.377533,-0.51503,-0.196365
1523362609228,gyro,2.21243,-1.43189,2.19832
1523362609229,mag,97.3489,258.443,73.9579
1523362609229,ori,-10.1993,44.0264,65.1004
1523362609237,acc,-0.352921,-0.514191,-0.0765686
1523362609238,gyro,2.04059,-1.47456,1.93999
1523362609238,mag,97.3489,258.443,73.9579
1523362609239,ori,-12.2782,44.9218,66.9074
1523362609247,acc,-0.386795,-0.520691,-0.0288849
1523362609248,gyro,1.67253,-1.26061,1.72465
1523362609248,mag,95.55,258.211,75.3332
1523362609249,ori,-14.0986,45.5732,68.5309
1523362609257,acc,-0.41333,-0.52655,-0.00550842
1523362609258,gyro,1.20586,-0.901175,1.5136
1523362609259,mag,95.55,258.211,75.3332
1523362609259,ori,-15.5405,45.9642,69.9314
1523362609267,acc,-0.440002,-0.511337,-0.0035553
1523362609268,gyro,0.763934,-0.41379,1.30705
1523362609268,mag,95.1797,258.959,76.238
1523362609269,ori,-16.5307,46.13,71.0879
1523362609277,acc,-0.430847,-0.492264,-0.00315857
1523362609278,gyro,0.346865,0.0685154,1.0825
1523362609279,mag,95.1797,258.959,76.238
1523362609279,ori,-17.0427,46.0955,71.964
1523362609287,acc,-0.460968,-0.485291,-0.0171204
1523362609288,gyro,-0.043087,0.538339,0.833536
1523362609288,mag,95.4047,259.186,75.5597
1523362609289,ori,-17.0875,45.8953,72.5457
1523362609297,acc,-0.526077,-0.48381,0.00708008
1523362609298,gyro,-0.374021,0.888246,0.555167
1523362609298,mag,95.4047,259.186,75.5597
1523362609299,ori,-16.7211,45.5687,72.8213
1523362609307,acc,-0.614151,-0.467758,0.0742645
1523362609308,gyro,-0.667405,1.16417,0.217088
1523362609309,mag,96.1559,259.864,74.3489
1523362609309,ori,-15.9548,45.1448,72.7507
1523362609317,acc,-0.70668,-0.413651,0.247391
1523362609318,gyro,-0.951455,1.47177,-0.222903
1523362609318,mag,96.1559,259.864,74.3489
1523362609319,ori,-14.6737,44.6238,72.2532
1523362609327,acc,-0.85199,-0.385849,0.398911
1523362609328,gyro,-1.32325,1.9408,-0.795913
1523362609329,mag,98.4794,260.098,72.6662
1523362609329,ori,-12.7984,43.9541,71.2449
1523362609337,acc,-1.02782,-0.399017,0.622208
1523362609338,gyro,-1.79472,2.25558,-1.47187
1523362609339,mag,98.4794,260.098,72.6662
1523362609340,ori,-10.3529,43.0607,69.6457
1523362609347,acc,-1.20975,-0.489532,0.837677
1523362609348,gyro,-2.40166,2.47104,-2.35637
1523362609349,mag,102.002,260.562,69.3167
1523362609349,ori,-7.36625,41.8164,67.3267
1523362609357,acc,-1.28506,-0.573807,1.04378
1523362609358,gyro,-3.24349,2.2553,-3.44814
1523362609359,mag,102.002,260.562,69.3167
1523362609360,ori,-4.12392,40.0306,64.231
1523362609367,acc,-1.29416,-0.600876,1.25291
1523362609368,gyro,-4.36222,1.50701,-4.75831
1523362609368,mag,106.728,262.155,65.3497
1523362609369,ori,-0.953879,37.4652,60.3125
1523362609377,acc,-1.32402,-0.465515,1.5023
1523362609378,gyro,-5.81435,0.27967,-6.35511
1523362609379,mag,106.728,262.155,65.3497
1523362609380,ori,1.79988,33.8284,55.5335
1523362609387,acc,-1.36954,0.0827332,1.7085
1523362609388,gyro,-7.78351,-1.19193,-8.26521
1523362609388,mag,111.324,267.871,62.5825
1523362609389,ori,3.78738,28.7729,49.9686
1523362609397,acc,-1.2999,1.69122,1.79097
1523362609398,gyro,-10.3808,-2.78,-9.95405
1523362609399,mag,111.324,267.871,62.5825
1523362609399,ori,4.6258,21.9114,43.9777
1523362609407,acc,-1.19142,3.62866,1.29756
1523362609408,gyro,-13.7436,-3.67321,-11.1292
1523362609409,mag,113.419,281.823,67.4212
1523362609410,ori,4.29711,13.0659,37.877
1523362609417,acc,-0.838089,5.19426,-0.0510864
1523362609418,gyro,-16.7789,-3.98011,-11.8214
1523362609419,mag,113.419,281.823,67.4212
1523362609420,ori,3.72733,8.02872,34.7834
1523362609428,acc,-0.838089,5.19426,-0.0510864
1523362609430,gyro,-16.7789,-3.98011,-11.8214
1523362609430,mag,113.419,281.823,67.4212
1523362609431,ori,3.72733,8.02872,34.7834
1523362609437,acc,0.386902,4.28406,-5.01677
1523362609437,gyro,-16.615,-4.14379,-11.0251
1523362609438,mag,107.782,291.167,81.1455
1523362609438,ori,-1.1095,-12.5606,21.9383
1523362609447,acc,1.25275,2.75809,-5.98921
1523362609448,gyro,-12.3903,-5.49857,-9.32061
1523362609448,mag,100.671,291.287,89.87
1523362609449,ori,-5.89894,-20.0057,15.6414
1523362609457,acc,2.05434,1.98358,-5.16327
1523362609458,gyro,-7.13303,-4.01086,-7.16013
1523362609459,mag,100.671,291.287,89.87
1523362609459,ori,-12.1405,-25.2455,8.03969
1523362609467,acc,2.53984,1.65109,-4.22354
1523362609468,gyro,-3.43747,-0.442897,-4.29713
1523362609468,mag,98.0413,289.853,91.3325
1523362609469,ori,-12.9393,-25.94,6.47174
1523362609477,acc,2.28113,1.49644,-3.22231
1523362609478,gyro,-1.06221,2.01003,-0.914601
1523362609478,mag,98.0413,289.853,91.3325
1523362609479,ori,-12.6188,-26.6012,5.14974
1523362609487,acc,1.57935,1.55524,-2.60616
1523362609488,gyro,0.0516448,2.35815,1.96533
1523362609489,mag,99.1677,290.758,89.5163
1523362609490,ori,-10.8884,-26.8334,5.95392
1523362609497,acc,0.767395,1.46478,-2.6483
1523362609498,gyro,0.440362,2.10292,3.94379
1523362609498,mag,99.1677,290.758,89.5163
1523362609499,ori,-8.60778,-26.9725,8.22802
1523362609507,acc,0.115021,1.27512,-3.00375
1523362609508,gyro,1.07857,1.86954,4.82218
1523362609508,mag,101.202,293.541,87.2364
1523362609509,ori,-6.10188,-26.8116,11.2822
1523362609517,acc,-0.254913,1.07193,-3.14967
1523362609518,gyro,2.46461,1.42721,4.87514
1523362609518,mag,101.202,293.541,87.2364
1523362609519,ori,-3.75472,-25.8665,14.5347
1523362609527,acc,-0.31337,0.94809,-3.02206
1523362609528,gyro,4.40245,0.844695,4.48609
1523362609529,mag,103.678,294.752,84.1261
1523362609529,ori,-1.88931,-23.7596,17.5629
1523362609537,acc,-0.205597,0.942596,-2.68941
1523362609538,gyro,6.38008,-0.257134,4.02896
1523362609538,mag,103.678,294.752,84.1261
1523362609539,ori,-0.845728,-20.4307,20.2141
1523362609547,acc,-0.050766,1.02701,-2.21527
1523362609548,gyro,8.10697,-1.42846,3.73464
1523362609548,mag,105.318,293.635,81.3287
1523362609549,ori,-0.759627,-16.0327,22.577
1523362609557,acc,0.0389252,1.10988,-1.69179
1523362609558,gyro,9.3858,-1.96268,3.75112
1523362609559,mag,105.318,293.635,81.3287
1523362609559,ori,-1.65227,-8.06145,26.0728
1523362609567,acc,-0.0072937,1.12515,-1.11894
1523362609568,gyro,10.1174,-1.85993,4.02802
1523362609568,mag,104.766,289.664,74.9634
1523362609569,ori,-2.03725,-5.18084,27.3392
1523362609577,acc,-0.123154,0.972351,-0.634842
1523362609578,gyro,10.124,-1.18911,4.39927
1523362609579,mag,104.766,289.664,74.9634
1523362609579,ori,-2.71861,0.547738,30.0611
1523362609587,acc,-0.36235,0.846909,-0.427399
1523362609588,gyro,9.42012,-0.0711858,4.65143
1523362609589,mag,103.152,282.915,69.2894
1523362609589,ori,-3.0885,5.92835,32.9874
1523362609597,acc,-0.671143,0.767273,-0.515244
1523362609598,gyro,8.49879,1.22005,4.66082
1523362609599,mag,103.152,282.915,69.2894
1523362609599,ori,-2.78432,13.0544,37.4364
1523362609607,acc,-0.870758,0.577606,-0.635925
1523362609608,gyro,7.81498,2.21725,4.37536
1523362609609,mag,102.811,274.817,66.2232
1523362609610,ori,-2.11227,17.3736,40.1723
1523362609617,acc,-0.946075,0.386993,-0.659195
1523362609618,gyro,7.49904,2.8629,3.87692
1523362609618,mag,102.811,274.817,66.2232
1523362609619,ori,-1.68052,19.4869,41.4213
1523362609627,acc,-0.849609,0.235596,-0.502716
1523362609628,gyro,7.37921,3.11522,3.23034
1523362609629,mag,102.476,266.941,66.3819
1523362609630,ori,-0.195399,25.7986,44.5694
1523362609637,acc,-0.653229,0.0830841,-0.24736
1523362609638,gyro,7.22528,3.20148,2.68656
1523362609638,mag,102.476,266.941,66.3819
1523362609639,ori,0.338545,27.8723,45.4328
1523362609647,acc,-0.450577,-0.0285645,-0.00697327
1523362609648,gyro,6.83682,3.36254,2.40446
1523362609648,mag,103.126,260.866,68.4008
1523362609649,ori,1.4816,31.8798,46.9885
1523362609657,acc,-0.381042,-0.0756226,0.130722
1523362609658,gyro,6.20205,3.48157,2.4688
1523362609659,mag,103.126,260.866,68.4008
1523362609660,ori,3.15696,37.2965,49.3149
1523362609667,acc,-0.350021,-0.16301,0.122498
1523362609668,gyro,5.37343,3.32708,2.50766
1523362609668,mag,104.234,256.518,70.1125
1523362609669,ori,3.62345,38.8782,50.1145
1523362609677,acc,-0.207062,-0.235535,-0.0137787
1523362609678,gyro,4.65976,2.70302,2.4255
1523362609679,mag,104.234,256.518,70.1125
1523362609680,ori,4.36992,43.0614,52.5224
1523362609687,acc,-0.181152,-0.35553,-0.100204
1523362609688,gyro,4.23928,1.74099,2.41625
1523362609688,mag,103.928,254.565,71.8427
1523362609689,ori,4.29996,44.3269,53.3545
1523362609697,acc,-0.179123,-0.415009,-0.0542297
1523362609698,gyro,4.03273,0.775435,2.44891
1523362609699,mag,103.928,254.565,71.8427
1523362609699,ori,3.04091,47.9314,56.0632
1523362609707,acc,-0.174469,-0.416809,0.0858307
1523362609708,gyro,3.86117,-0.0348997,2.40456
1523362609709,mag,102.573,252.458,74.4878
1523362609710,ori,1.45426,50.1727,58.0141
1523362609717,acc,-0.210403,-0.435669,0.222992
1523362609718,gyro,3.56849,-0.69372,2.25048
1523362609718,mag,102.573,252.458,74.4878
1523362609719,ori,0.490766,51.2077,59.0095
1523362609727,acc,-0.266129,-0.465866,0.251358
1523362609728,gyro,3.02116,-1.18609,2.04327
1523362609729,mag,100.621,251.25,76.7657
1523362609730,ori,-2.86559,53.7697,61.9891
1523362609737,acc,-0.263138,-0.525528,0.228531
1523362609738,gyro,2.33244,-1.44315,1.76688
1523362609739,mag,100.621,251.25,76.7657
1523362609740,ori,-4.03156,54.4075,62.9247
1523362609747,acc,-0.249634,-0.550781,0.162491
1523362609748,gyro,1.68551,-1.28136,1.50684
1523362609748,mag,98.8209,250.643,78.6662
1523362609749,ori,-6.20693,55.3792,64.655
1523362609757,acc,-0.247192,-0.53392,0.106216
1523362609758,gyro,1.1777,-0.88067,1.30932
1523362609759,mag,98.8209,250.643,78.6662
1523362609759,ori,-8.04457,56.0238,66.2024
1523362609767,acc,-0.251282,-0.526764,0.0266571
1523362609768,gyro,0.748406,-0.423383,1.148
1523362609768,mag,98.0001,251.164,79.8774
1523362609769,ori,-9.46456,56.4035,67.5561
1523362609777,acc,-0.254745,-0.52478,-0.0404358
1523362609778,gyro,0.404704,-0.102115,0.991902
1523362609779,mag,98.0001,251.164,79.8774
1523362609780,ori,-10.9236,56.6028,69.2066
1523362609787,acc,-0.282532,-0.526642,-0.0404968
1523362609788,gyro,0.156417,0.0747472,0.828252
1523362609789,mag,97.4006,251.162,80.2608
1523362609790,ori,-11.2694,56.6013,69.6534
1523362609797,acc,-0.334137,-0.516586,-0.0068512
1523362609798,gyro,-0.0616343,0.246571,0.644514
1523362609799,mag,97.4006,251.162,80.2608
1523362609799,ori,-11.7394,56.5188,70.3683
1523362609807,acc,-0.368866,-0.48584,0.0597076
1523362609808,gyro,-0.306448,0.49863,0.398199
1523362609809,mag,97.5508,251.388,79.7336
1523362609810,ori,-11.7053,56.1858,70.8838
1523362609817,acc,-0.370758,-0.422989,0.186707
1523362609818,gyro,-0.618623,0.941438,0.10495
1523362609818,mag,97.5508,251.388,79.7336
1523362609819,ori,-11.4248,56.0062,70.8779
1523362609827,acc,-0.378815,-0.354065,0.317093
1523362609828,gyro,-1.02522,1.56288,-0.197927
1523362609829,mag,98.226,251.841,78.4489
1523362609830,ori,-10.3737,55.5035,70.59
1523362609837,acc,-0.40538,-0.299576,0.429916
1523362609838,gyro,-1.54021,2.20295,-0.497622
1523362609839,mag,98.226,251.841,78.4489
1523362609840,ori,-8.66497,54.7483,69.9488
1523362609847,acc,-0.447784,-0.262665,0.527405
1523362609848,gyro,-2.1197,2.71266,-0.789329
1523362609849,mag,100.549,252.526,75.1911
1523362609849,ori,-6.38991,53.6781,69.0049
1523362609857,acc,-0.521255,-0.273346,0.588318
1523362609859,gyro,-2.70156,2.83677,-1.10022
1523362609859,mag,104.003,254.264,72.6668
1523362609860,ori,-2.51707,51.4322,67.169
1523362609867,acc,-0.666565,-0.4021,0.724777
1523362609868,gyro,-3.31093,2.37925,-1.45409
1523362609868,mag,104.003,254.264,72.6668
1523362609869,ori,-1.27239,50.4921,66.4575
1523362609877,acc,-0.836014,-0.603363,1.06326
1523362609878,gyro,-3.96713,1.39355,-1.88766
1523362609879,mag,106.781,256.076,69.177
1523362609879,ori,0.877153,48.317,64.897
1523362609887,acc,-1.06789,-0.64563,1.67476
1523362609888,gyro,-4.82469,0.328985,-2.6024
1523362609888,mag,106.781,256.076,69.177
1523362609889,ori,2.60039,45.6472,63.0117
1523362609897,acc,-1.40147,-0.219391,2.19281
1523362609898,gyro,-6.3574,-0.317385,-3.83953
1523362609898,mag,110.173,261.19,65.077
1523362609899,ori,4.23562,42.131,60.5131
1523362609907,acc,-1.61104,0.70575,2.0863
1523362609908,gyro,-9.04265,-0.935833,-5.58228
1523362609909,mag,110.173,261.19,65.077
1523362609909,ori,5.88366,37.1288,57.2759
1523362609917,acc,-1.32895,1.86128,1.3064
1523362609918,gyro,-12.264,-2.0915,-7.66095
1523362609918,mag,113.382,274.927,63.0002
1523362609919,ori,7.08418,30.1302,53.2951
1523362609927,acc,-1.07668,3.16267,0.388748
1523362609928,gyro,-14.7633,-3.21242,-9.19547
1523362609929,mag,113.382,274.927,63.0002
1523362609929,ori,7.33287,21.3753,48.8249
1523362609937,acc,-0.957443,4.34344,-0.733841
1523362609938,gyro,-16.183,-3.46112,-10.2373
1523362609938,mag,111.289,290.212,71.7219
1523362609939,ori,6.71248,11.6336,44.0793
1523362609947,acc,-0.253632,4.49048,-2.99512
1523362609948,gyro,-16.7375,-4.00668,-11.2079
1523362609948,mag,111.289,290.212,71.7219
1523362609949,ori,5.14474,1.46644,38.7737
1523362609957,acc,0.790176,3.18336,-5.91675
1523362609958,gyro,-15.1847,-5.92084,-11.0034
1523362609959,mag,103.525,294.302,83.6035
1523362609959,ori,1.72196,-7.98376,32.931
1523362609967,acc,1.75656,1.70358,-6.78043
1523362609968,gyro,-10.2022,-7.82866,-9.23504
1523362609968,mag,103.525,294.302,83.6035
1523362609968,ori,-3.70018,-14.5921,27.1377
1523362609977,acc,1.95882,1.44821,-4.87201
1523362609978,gyro,-3.66599,-6.81769,-6.45473
1523362609978,mag,97.9704,291.655,88.6326
1523362609979,ori,-9.13825,-17.119,22.5429
1523362609987,acc,2.01906,1.58791,-2.82469
1523362609988,gyro,-0.411982,-3.77019,-3.52515
1523362609988,mag,97.9704,291.655,88.6326
1523362609988,ori,-12.5306,-17.1948,19.9315
1523362609997,acc,1.69724,1.47966,-2.41534
1523362609998,gyro,-0.722654,-0.391147,-0.323918
1523362609998,mag,97.5951,291.579,88.6379
1523362609999,ori,-13.4358,-17.3277,19.2006
1523362610007,acc,0.869858,1.23982,-3.45828
1523362610008,gyro,-1.78457,2.36412,2.58112
1523362610009,mag,97.5951,291.579,88.6379
1523362610009,ori,-12.1368,-18.4492,20.1284
1523362610017,acc,0.0964203,0.987946,-4.35797
1523362610018,gyro,-1.30522,3.82792,3.98538
1523362610018,mag,99.8543,294.514,85.9798
1523362610018,ori,-9.4166,-19.7242,22.1843
1523362610027,acc,-0.339325,0.811981,-4.28517
1523362610028,gyro,0.816065,3.92201,4.17123
1523362610028,mag,99.8543,294.514,85.9798
1523362610029,ori,-6.25202,-19.9229,24.7266
1523362610037,acc,-0.418594,0.693359,-3.53812
1523362610038,gyro,3.34096,2.74977,3.79593
1523362610038,mag,103.226,294.827,82.6324
1523362610038,ori,-3.61664,-18.5567,27.2447
1523362610047,acc,-0.231308,0.546005,-2.85422
1523362610048,gyro,5.36858,0.76107,3.26775
1523362610048,mag,103.226,294.827,82.6324
1523362610048,ori,-2.21389,-15.8409,29.4319
1523362610057,acc,-0.0405731,0.549667,-2.3909
1523362610058,gyro,6.78068,-1.26171,2.9212
1523362610058,mag,103.589,293.106,79.9282
1523362610059,ori,-2.19121,-12.201,31.3471
1523362610067,acc,0.0809021,0.675095,-2.13362
1523362610068,gyro,7.83226,-2.32771,2.7928
1523362610068,mag,103.589,293.106,79.9282
1523362610068,ori,-3.08094,-7.91752,33.1947
1523362610077,acc,0.0738831,0.838715,-1.84489
1523362610078,gyro,8.76386,-2.33091,2.97086
1523362610078,mag,102.743,289.356,77.0919
1523362610079,ori,-4.25111,-3.1349,35.187
1523362610087,acc,-0.0516815,0.931152,-1.44244
1523362610088,gyro,9.39703,-1.57045,3.29585
1523362610088,mag,102.743,289.356,77.0919
1523362610089,ori,-5.25098,2.02346,37.4788
1523362610097,acc,-0.308716,0.878922,-0.985168
1523362610098,gyro,9.5298,-0.253423,3.53606
1523362610098,mag,102.184,283.284,72.6028
1523362610099,ori,-5.80425,7.27198,40.0143
1523362610108,acc,-0.595215,0.759964,-0.757217
1523362610108,gyro,9.13285,1.53669,3.57313
1523362610109,mag,102.184,283.284,72.6028
1523362610109,ori,-5.6188,12.35,42.6328
1523362610117,acc,-0.790314,0.61644,-0.655228
1523362610118,gyro,8.51752,3.14938,3.38902
1523362610118,mag,103.269,275.641,68.7664
1523362610119,ori,-4.65336,17.1408,45.1482
1523362610127,acc,-0.863647,0.43425,-0.590866
1523362610128,gyro,7.98691,4.16522,2.98272
1523362610128,mag,103.269,275.641,68.7664
1523362610129,ori,-3.10777,21.6595,47.3681
1523362610137,acc,-0.776138,0.250153,-0.447266
1523362610138,gyro,7.65373,4.36851,2.49396
1523362610138,mag,104.729,267.472,67.0251
1523362610139,ori,-1.32808,26.0297,49.199
1523362610147,acc,-0.609192,0.14093,-0.197708
1523362610148,gyro,7.39768,3.85864,2.09862
1523362610148,mag,104.729,267.472,67.0251
1523362610149,ori,0.297673,30.3143,50.6766
1523362610157,acc,-0.487885,0.0420837,0.076004
1523362610158,gyro,7.00404,3.06469,1.84908
1523362610159,mag,105.751,260.799,68.5141
1523362610159,ori,1.53481,34.4144,51.8937
1523362610167,acc,-0.421478,-0.0158234,0.238281
1523362610168,gyro,6.39265,2.21302,1.77665
1523362610168,mag,105.751,260.799,68.5141
1523362610169,ori,2.27474,38.2211,53.0177
1523362610177,acc,-0.375504,-0.0946808,0.311493
1523362610178,gyro,5.70087,1.35345,1.71199
1523362610178,mag,105.134,256.069,71.0001
1523362610179,ori,2.4685,41.6286,54.1358
1523362610187,acc,-0.295792,-0.247742,0.32045
1523362610188,gyro,5.10327,0.523174,1.63754
1523362610188,mag,105.134,256.069,71.0001
1523362610189,ori,2.11762,44.6746,55.2717
1523362610197,acc,-0.27652,-0.298279,0.298309
1523362610198,gyro,4.66186,-0.146363,1.69023
1523362610198,mag,103.397,252.536,73.9512
1523362610199,ori,1.2135,47.4454,56.5542
1523362610207,acc,-0.287048,-0.342514,0.301971
1523362610208,gyro,4.16756,-0.902697,1.62646
1523362610209,mag,103.397,252.536,73.9512
1523362610210,ori,-0.240079,49.9196,57.9613
1523362610217,acc,-0.283478,-0.41127,0.298416
1523362610218,gyro,3.6112,-1.66062,1.44504
1523362610218,mag,100.993,250.426,77.2859
1523362610219,ori,-2.19479,52.0557,59.4039
1523362610227,acc,-0.262604,-0.47702,0.294052
1523362610228,gyro,3.03653,-2.34477,1.21723
1523362610229,mag,100.993,250.426,77.2859
1523362610229,ori,-4.55764,53.841,60.8051
1523362610237,acc,-0.242477,-0.525299,0.25827
1523362610238,gyro,2.45393,-2.81475,0.984958
1523362610238,mag,98.3672,249.29,80.2482
1523362610239,ori,-7.15923,55.2657,62.102
1523362610247,acc,-0.210175,-0.583923,0.205994
1523362610248,gyro,1.8569,-3.06849,0.752446
1523362610248,mag,98.3672,249.29,80.2482
1523362610249,ori,-9.80943,56.3358,63.2279
1523362610257,acc,-0.172012,-0.627502,0.121384
1523362610258,gyro,1.29938,-3.09126,0.582508
1523362610258,mag,96.0444,248.83,83.131
1523362610259,ori,-12.3663,57.078,64.1649
1523362610267,acc,-0.146912,-0.645325,-0.00891113
1523362610268,gyro,0.806401,-2.91158,0.456087
1523362610268,mag,96.0444,248.83,83.131
1523362610269,ori,-14.6791,57.5293,64.9057
1523362610277,acc,-0.142609,-0.639206,-0.121552
1523362610278,gyro,0.404654,-2.62929,0.347731
1523362610278,mag,94.398,248.973,85.1039
1523362610279,ori,-16.6808,57.7471,65.4476
1523362610287,acc,-0.158752,-0.629471,-0.1922
1523362610288,gyro,0.103681,-2.24336,0.267197
1523362610288,mag,94.398,248.973,85.1039
1523362610289,ori,-18.3196,57.7931,65.8059
1523362610297,acc,-0.166702,-0.635239,-0.222794
1523362610298,gyro,-0.138304,-1.75398,0.214062
1523362610298,mag,93.2738,248.668,86.5448
1523362610299,ori,-19.5668,57.7077,66.0192
1523362610307,acc,-0.190552,-0.640488,-0.223541
1523362610308,gyro,-0.358072,-1.22828,0.163285
1523362610308,mag,93.2738,248.668,86.5448
1523362610309,ori,-20.4007,57.5084,66.0944
1523362610317,acc,-0.214966,-0.639999,-0.197693
1523362610318,gyro,-0.579653,-0.72806,0.0974693
1523362610318,mag,92.3738,248.816,86.1074
1523362610319,ori,-20.8181,57.2042,66.0248
1523362610327,acc,-0.221237,-0.619919,-0.167938
1523362610328,gyro,-0.848582,-0.280986,-0.0181929
1523362610329,mag,92.3738,248.816,86.1074
1523362610329,ori,-20.8074,56.7835,65.7568
1523362610337,acc,-0.214188,-0.577164,-0.116272
1523362610338,gyro,-1.12985,0.148199,-0.173697
1523362610339,mag,92.9747,249.269,85.3487
1523362610340,ori,-20.3486,56.2391,65.2483
1523362610347,acc,-0.215591,-0.516785,-0.0358582
1523362610348,gyro,-1.40264,0.594496,-0.332343
1523362610348,mag,92.9747,249.269,85.3487
1523362610349,ori,-19.4514,55.5763,64.5107
1523362610357,acc,-0.219864,-0.445984,0.0589294
1523362610358,gyro,-1.68429,1.04268,-0.463166
1523362610359,mag,93.7999,250.023,83.1618
1523362610359,ori,-18.147,54.7806,63.5874
1523362610367,acc,-0.2379,-0.404007,0.20108
1523362610368,gyro,-1.99574,1.42338,-0.564203
1523362610369,mag,93.7999,250.023,83.1618
1523362610369,ori,-16.5051,53.8212,62.5244
1523362610377,acc,-0.311768,-0.407318,0.415466
1523362610378,gyro,-2.36363,1.72052,-0.640012
1523362610378,mag,95.5239,250.706,80.5123
1523362610379,ori,-14.6297,52.6655,61.3776
1523362610387,acc,-0.476898,-0.447342,0.654175
1523362610388,gyro,-2.89274,2.00658,-0.765773
1523362610388,mag,95.5239,250.706,80.5123
1523362610389,ori,-12.5194,51.227,60.1261
1523362610397,acc,-0.578125,-0.513535,0.880798
1523362610398,gyro,-3.61241,2.23988,-1.091
1523362610398,mag,98.5984,251.995,76.2686
1523362610399,ori,-10.1208,49.4146,58.6575
1523362610407,acc,-0.672913,-0.532974,1.07443
1523362610408,gyro,-4.51806,2.4185,-1.64356
1523362610409,mag,98.5984,251.995,76.2686
1523362610409,ori,-7.39856,47.1267,56.8384
1523362610417,acc,-0.80983,-0.294983,1.3203
1523362610418,gyro,-5.6361,2.52654,-2.45163
1523362610418,mag,102.507,255.611,71.0371
1523362610419,ori,-4.32388,44.2032,54.5759
1523362610427,acc,-0.831711,0.104416,1.3924
1523362610428,gyro,-7.22991,2.45089,-3.67138
1523362610429,mag,102.507,255.611,71.0371
1523362610429,ori,-0.982665,40.3964,51.7528
1523362610437,acc,-0.796402,0.671661,1.15402
1523362610438,gyro,-9.22101,2.05558,-5.00884
1523362610439,mag,109.056,262.836,65.7668
1523362610439,ori,2.30842,35.3695,48.4355
1523362610447,acc,-0.552353,1.25298,0.644882
1523362610448,gyro,-11.1943,1.61316,-6.155
1523362610448,mag,109.056,262.836,65.7668
1523362610449,ori,5.17754,28.9873,44.9359
1523362610457,acc,-0.460052,1.9848,-0.00178528
1523362610458,gyro,-12.7064,0.872613,-7.02255
1523362610459,mag,113.92,276.801,66.0667
1523362610460,ori,7.27996,21.5155,41.4951
1523362610467,acc,-0.281631,2.46553,-1.30426
1523362610468,gyro,-13.6482,-0.385957,-7.63499
1523362610468,mag,113.92,276.801,66.0667
1523362610469,ori,8.28039,13.2903,38.1446
1523362610477,acc,0.240692,2.26976,-3.12218
1523362610478,gyro,-13.7888,-2.90564,-7.93167
1523362610479,mag,111.583,288.036,74.2688
1523362610479,ori,7.59109,4.77604,34.7226
1523362610487,acc,0.510635,1.93272,-4.69893
1523362610488,gyro,-12.2695,-6.44373,-7.15133
1523362610489,mag,111.583,288.036,74.2688
1523362610489,ori,4.43839,-2.96149,31.2869
1523362610497,acc,0.912491,1.5294,-5.7951
1523362610498,gyro,-8.88474,-8.95421,-5.92297
1523362610498,mag,104.035,291.229,82.9979
1523362610499,ori,-0.760893,-8.73624,27.8979
1523362610507,acc,1.24344,1.33263,-5.84489
1523362610508,gyro,-3.97506,-8.36849,-4.36902
1523362610508,mag,104.035,291.229,82.9979
1523362610509,ori,-6.29986,-11.5895,24.9362
1523362610517,acc,1.40627,1.12592,-4.67497
1523362610518,gyro,0.803284,-5.04597,-2.36881
1523362610518,mag,99.6839,289.411,87.7097
1523362610519,ori,-10.049,-11.5171,23.2619
1523362610527,acc,1.36246,1.00574,-3.58429
1523362610528,gyro,2.87456,-1.20673,-0.384603
1523362610529,mag,99.6839,289.411,87.7097
1523362610529,ori,-11.3299,-9.98294,23.0418
1523362610537,acc,1.11636,0.96344,-3.15347
1523362610538,gyro,3.08686,2.38955,1.5464
1523362610539,mag,99.8263,288.213,86.2083
1523362610539,ori,-10.2967,-8.36397,23.9958
1523362610547,acc,1.11636,0.96344,-3.15347
1523362610548,gyro,3.09585,4.88314,3.16875
1523362610549,mag,99.8263,288.213,86.2083
1523362610550,ori,-9.0726,-7.61346,24.8421
1523362610557,acc,0.0434265,0.575928,-3.43311
1523362610558,gyro,3.60266,5.78827,4.03887
1523362610559,mag,103.946,288.606,81.2755
1523362610559,ori,-4.01816,-5.12865,28.313
1523362610567,acc,-0.327835,0.537857,-3.34584
1523362610568,gyro,4.97889,5.44246,4.14753
1523362610568,mag,103.946,288.606,81.2755
1523362610569,ori,-0.626204,-2.59591,30.8114
1523362610577,acc,-0.363678,0.563721,-2.72235
1523362610578,gyro,6.89392,4.28965,3.77459
1523362610579,mag,108.058,287.648,75.9684
1523362610579,ori,2.06711,1.11877,32.9967
1523362610587,acc,-0.19429,0.598785,-1.7693
1523362610588,gyro,8.50322,3.14583,3.42967
1523362610588,mag,108.058,287.648,75.9684
1523362610589,ori,3.92672,5.89225,34.7596
1523362610597,acc,-0.0279846,0.596542,-0.9935
1523362610598,gyro,9.09812,2.78512,3.45844
1523362610598,mag,111.398,281.889,69.7745
1523362610599,ori,5.32364,11.2102,36.3191
1523362610607,acc,-0.00378418,0.505905,-0.599014
1523362610609,gyro,8.67679,3.2024,3.8308
1523362610609,mag,111.398,281.889,69.7745
1523362610610,ori,6.69422,16.4867,37.9742
1523362610617,acc,-0.153717,0.513214,-0.509323
1523362610618,gyro,7.87433,4.02737,4.30433
1523362610618,mag,113.678,273.276,65.2469
1523362610619,ori,8.27775,21.3999,39.8648
1523362610627,acc,-0.271957,0.49202,-0.664551
1523362610628,gyro,7.13007,4.54857,4.53057
1523362610629,mag,113.678,273.276,65.2469
1523362610629,ori,10.0206,25.9442,41.9225
1523362610637,acc,-0.296661,0.385651,-0.696335
1523362610638,gyro,6.82336,4.32809,4.61021
1523362610638,mag,115.061,264.431,63.8069
1523362610639,ori,11.586,30.3238,44.0271
1523362610647,acc,-0.317596,0.257523,-0.658356
1523362610648,gyro,6.87542,3.48459,4.73456
1523362610648,mag,115.061,264.431,63.8069
1523362610649,ori,12.5798,34.7343,46.1812
1523362610657,acc,-0.312469,0.106766,-0.486969
1523362610658,gyro,7.0652,2.06364,4.79078
1523362610659,mag,113.831,257.301,65.7027
1523362610659,ori,12.636,39.2622,48.4361
1523362610667,acc,-0.455658,0.183167,0.0464783
1523362610668,gyro,7.32318,0.616749,4.79403
1523362610668,mag,113.831,257.301,65.7027
1523362610669,ori,11.5798,43.9316,50.8692
1523362610677,acc,-0.68219,0.171341,0.339523
1523362610678,gyro,7.20597,-0.0245615,4.54403
1523362610679,mag,110.284,250.986,70.0305
1523362610680,ori,9.70908,48.5238,53.5382
1523362610687,acc,-0.741531,0.0652771,0.472534
1523362610688,gyro,6.66705,-0.231263,4.0308
1523362610688,mag,110.284,250.986,70.0305
1523362610689,ori,7.43522,52.7563,56.3481
1523362610697,acc,-0.674271,-0.0248413,0.640594
1523362610698,gyro,5.96847,-0.327323,3.43537
1523362610698,mag,106.826,247.596,74.7306
1523362610699,ori,4.91243,56.4912,59.2407
1523362610707,acc,-0.608002,-0.15419,0.734604
1523362610708,gyro,5.09434,-0.358745,2.77264
1523362610709,mag,106.826,247.596,74.7306
1523362610710,ori,2.32071,59.6465,62.0654
1523362610717,acc,-0.559174,-0.300873,0.755692
1523362610718,gyro,4.09933,-0.467735,2.14736
1523362610718,mag,104.421,245.335,78.1404
1523362610719,ori,-0.219674,62.178,64.6988
1523362610727,acc,-0.510254,-0.431778,0.736816
1523362610728,gyro,3.02673,-0.63313,1.60935
1523362610729,mag,104.421,245.335,78.1404
1523362610730,ori,-2.61424,64.0453,67.0156
1523362610737,acc,-0.498306,-0.510773,0.682571
1523362610738,gyro,2.02101,-0.696613,1.16967
1523362610738,mag,102.694,244.128,80.4902
1523362610739,ori,-4.72919,65.2959,68.9282
1523362610747,acc,-0.483795,-0.546753,0.617233
1523362610748,gyro,1.15015,-0.66073,0.782867
1523362610748,mag,102.694,244.128,80.4902
1523362610749,ori,-6.39622,66.0277,70.3447
1523362610757,acc,-0.432114,-0.574417,0.537689
1523362610758,gyro,0.373999,-0.561661,0.415249
1523362610759,mag,101.87,243.899,81.7769
1523362610759,ori,-7.47922,66.3143,71.1704
1523362610767,acc,-0.350998,-0.606873,0.421097
1523362610768,gyro,-0.333154,-0.384542,0.0568907
1523362610768,mag,101.87,243.899,81.7769
1523362610769,ori,-7.88797,66.2134,71.3577
1523362610777,acc,-0.248123,-0.656097,0.258835
1523362610778,gyro,-1.00878,-0.200229,-0.243174
1523362610779,mag,102.096,244.2,81.2486
1523362610779,ori,-7.66087,65.7481,70.9678
1523362610787,acc,-0.0997772,-0.724045,-0.0237579
1523362610788,gyro,-1.61538,-0.0503252,-0.453409
1523362610788,mag,102.096,244.2,81.2486
1523362610789,ori,-6.97494,64.9422,70.17
1523362610797,acc,-0.0177002,-0.80864,-0.325638
1523362610798,gyro,-1.95598,0.194818,-0.541802
1523362610798,mag,102.845,244.579,79.8129
1523362610799,ori,-6.00958,63.8882,69.1902
1523362610807,acc,-0.0619965,-0.675232,-0.425262
1523362610808,gyro,-1.89241,0.384483,-0.49829
1523362610809,mag,103.824,245.933,78.2985
1523362610809,ori,-5.02472,62.8215,68.3213
1523362610817,acc,-0.0861664,-0.635284,-0.441757
1523362610818,gyro,-1.6762,0.486051,-0.54981
1523362610818,mag,103.824,245.933,78.2985
1523362610819,ori,-4.02512,61.854,67.5098
1523362610827,acc,-0.132828,-0.638519,-0.266113
1523362610828,gyro,-1.48418,0.416148,-0.629418
1523362610829,mag,104.949,246.313,76.8576
1523362610830,ori,-3.02661,61.0028,66.6744
1523362610837,acc,-0.181244,-0.563751,0.0385132
1523362610838,gyro,-1.5155,0.368403,-0.679104
1523362610839,mag,104.949,246.313,76.8576
1523362610840,ori,-2.06674,60.1657,65.8287
1523362610847,acc,-0.309677,-0.517441,0.386398
1523362610848,gyro,-1.8021,0.485565,-0.715358
1523362610849,mag,106.449,247.069,74.8862
1523362610849,ori,-1.07011,59.1964,64.9857
1523362610857,acc,-0.519089,-0.524841,0.695236
1523362610858,gyro,-2.38946,0.689366,-0.850266
1523362610859,mag,106.449,247.069,74.8862
1523362610860,ori,0.0763816,57.9227,64.0858
1523362610867,acc,-0.519089,-0.524841,0.695236
1523362610868,gyro,-3.23341,0.775036,-1.17777
1523362610868,mag,108.932,249.554,72.6002
1523362610869,ori,1.44088,56.1914,62.9971
1523362610877,acc,-0.873795,-0.522156,1.30412
1523362610878,gyro,-4.3133,0.709387,-1.81145
1523362610879,mag,108.932,249.554,72.6002
1523362610880,ori,3.07133,53.841,61.5295
1523362610886,acc,-0.873795,-0.522156,1.30412
1523362610888,gyro,-5.7494,0.471582,-2.60007
1523362610888,mag,112.546,254.069,68.6473
1523362610889,ori,4.89477,50.675,59.6475
1523362610897,acc,-0.98764,-0.377945,1.48703
1523362610898,gyro,-7.49611,-0.22724,-3.5001
1523362610899,mag,112.546,254.069,68.6473
1523362610899,ori,6.53536,46.4723,57.4506
1523362610907,acc,-1.18497,0.893494,1.48285
1523362610908,gyro,-9.70359,-1.2168,-4.73215
1523362610909,mag,116.339,264.583,65.664
1523362610910,ori,7.76403,40.9522,54.8936
1523362610917,acc,-1.0244,1.57175,0.792084
1523362610918,gyro,-12.2436,-2.23045,-6.24458
1523362610918,mag,116.339,264.583,65.664
1523362610919,ori,8.46879,33.8876,51.8939
1523362610927,acc,-0.526337,1.94002,-0.500275
1523362610928,gyro,-14.442,-3.5517,-7.27992
1523362610928,mag,115.515,280.027,69.9428
1523362610929,ori,8.25981,25.3882,48.6293
1523362610937,acc,-0.687576,2.87387,-0.522324
1523362610938,gyro,-15.2001,-4.36677,-7.50203
1523362610938,mag,115.515,280.027,69.9428
1523362610939,ori,7.02882,16.2146,45.3166
1523362610947,acc,-0.737076,3.5816,-1.47281
1523362610948,gyro,-15.4197,-3.93105,-7.93498
1523362610948,mag,109.344,289.526,77.5244
1523362610948,ori,5.41356,6.96102,41.7661
1523362610957,acc,-0.42923,3.27278,-3.26207
1523362610958,gyro,-15.5732,-4.31716,-8.28316
1523362610958,mag,109.344,289.526,77.5244
1523362610959,ori,3.20526,-2.29741,37.7312
1523362610967,acc,-0.42923,3.27278,-3.26207
1523362610968,gyro,-14.0716,-4.86943,-8.12697
1523362610968,mag,102.245,292.872,84.8221
1523362610968,ori,-0.0596384,-10.8359,33.2569
1523362610977,acc,0.895859,1.62399,-5.74355
1523362610978,gyro,-9.87749,-4.59784,-8.12728
1523362610978,mag,102.245,292.872,84.8221
1523362610979,ori,-3.96601,-17.0125,28.2375
1523362610987,acc,1.61542,1.34331,-4.35822
1523362610988,gyro,-4.64397,-3.79777,-6.9781
1523362610988,mag,97.7425,290.98,88.7111
1523362610988,ori,-7.82883,-19.9762,23.4304
1523362610997,acc,1.952,1.2775,-2.4991
1523362610998,gyro,-1.05786,-2.61856,-4.51996
1523362610998,mag,97.7425,290.98,88.7111
1523362610999,ori,-10.6236,-20.4996,20.134
1523362611007,acc,1.952,1.2775,-2.4991
1523362611008,gyro,-0.528339,-1.59429,-1.66775
1523362611008,mag,95.9388,289.773,89.862
1523362611008,ori,-12.2045,-20.5046,18.651
1523362611017,acc,0.71257,0.996033,-1.75168
1523362611018,gyro,-1.38906,-0.668727,0.64533
1523362611018,mag,95.9388,289.773,89.862
1523362611018,ori,-12.7157,-21.1765,18.5801
1523362611027,acc,-0.0846405,0.760559,-2.08144
1523362611028,gyro,-1.88972,-0.0610745,1.76083
1523362611028,mag,95.9487,291.948,89.9357
1523362611028,ori,-12.5613,-22.3836,19.2842
1523362611037,acc,-0.462646,0.555267,-2.36699
1523362611038,gyro,-1.55124,0.730324,1.73388
1523362611038,mag,95.9487,291.948,89.9357
1523362611039,ori,-11.9171,-23.5537,20.1579
1523362611047,acc,-0.545288,0.421158,-2.32236
1523362611048,gyro,-0.331745,1.43581,1.19846
1523362611048,mag,96.7036,293.376,88.9495
1523362611049,ori,-10.8551,-24.0883,20.908
1523362611058,acc,-0.46582,0.350983,-1.90773
1523362611058,gyro,1.06174,1.26017,0.617956
1523362611059,mag,96.7036,293.376,88.9495
1523362611059,ori,-9.83597,-23.7538,21.4646
1523362611067,acc,-0.46582,0.350983,-1.90773
1523362611068,gyro,1.99107,0.397568,0.127489
1523362611068,mag,97.2982,292.404,88.2666
1523362611068,ori,-9.32258,-22.7608,21.8045
1523362611077,acc,-0.222061,0.246765,-1.14407
1523362611078,gyro,2.35262,-0.592734,-0.171166
1523362611078,mag,97.2982,292.404,88.2666
1523362611079,ori,-9.45562,-21.4481,21.9757
1523362611087,acc,-0.222061,0.246765,-1.14407
1523362611088,gyro,2.40987,-1.16316,-0.233683
1523362611088,mag,97.2932,291.279,88.2673
1523362611089,ori,-10.0044,-20.0648,22.0882
1523362611097,acc,-0.138443,0.247482,-0.978043
1523362611098,gyro,2.35258,-1.45332,-0.0763206
1523362611098,mag,97.2932,291.279,88.2673
1523362611099,ori,-10.7311,-18.7101,22.2794
1523362611107,acc,-0.162643,0.182053,-1.05606
1523362611108,gyro,2.33127,-1.61268,0.140402
1523362611109,mag,96.8402,290.527,88.574
1523362611109,ori,-11.5218,-17.4093,22.6081
1523362611117,acc,-0.162643,0.182053,-1.05606
1523362611118,gyro,2.52856,-1.67777,0.286306
1523362611118,mag,96.8402,290.527,88.574
1523362611119,ori,-12.3353,-16.0577,23.0692
1523362611127,acc,-0.246262,0.181564,-1.10353
1523362611128,gyro,2.88901,-1.61438,0.306058
1523362611128,mag,96.3875,289.549,89.7058
1523362611129,ori,-13.1188,-14.5279,23.6223
1523362611137,acc,-0.323563,0.206146,-1.02083
1523362611138,gyro,3.18011,-1.4397,0.212325
1523362611138,mag,96.3875,289.549,89.7058
1523362611139,ori,-13.8272,-12.8219,24.196
1523362611147,acc,-0.39122,0.21965,-0.850983
1523362611148,gyro,3.25699,-1.16849,0.0379921
1523362611148,mag,96.2307,288.2,89.1837
1523362611149,ori,-14.419,-11.024,24.7162
1523362611157,acc,-0.441833,0.212189,-0.715637
1523362611158,gyro,3.12114,-0.880802,-0.200786
1523362611159,mag,96.2307,288.2,89.1837
1523362611159,ori,-14.8864,-9.24202,25.1125
1523362611167,acc,-0.424042,0.216141,-0.645432
1523362611168,gyro,2.92481,-0.676525,-0.437998
1523362611168,mag,96.3,287.0,89.0333
1523362611169,ori,-15.2494,-7.53924,25.3502
1523362611177,acc,-0.264297,0.212814,-0.577911
1523362611178,gyro,2.71788,-0.773234,-0.463685
1523362611179,mag,96.3,287.0,89.0333
1523362611179,ori,-15.6366,-5.92699,25.52
1523362611187,acc,-0.124466,0.182251,-0.551895
1523362611188,gyro,2.385,-1.18836,-0.301564
1523362611188,mag,95.9176,285.349,89.0395
1523362611189,ori,-16.2214,-4.50826,25.7219
1523362611197,acc,-0.0730286,0.128464,-0.571503
1523362611198,gyro,2.04761,-1.66581,-0.0707498
1523362611199,mag,95.9176,285.349,89.0395
1523362611199,ori,-17.0804,-3.31727,26.0072
1523362611207,acc,-0.124695,0.0806732,-0.642685
1523362611208,gyro,1.79194,-2.0441,0.0577871
1523362611209,mag,95.393,285.121,89.9469
1523362611210,ori,-18.1761,-2.31089,26.3549
1523362611217,acc,-0.208984,-0.00683594,-0.816757
1523362611218,gyro,1.70093,-2.35464,0.0612863
1523362611218,mag,95.393,285.121,89.9469
1523362611219,ori,-19.462,-1.39334,26.7098
1523362611227,acc,-0.314133,-0.036499,-0.865021
1523362611228,gyro,1.73704,-2.34641,-0.0220917
1523362611229,mag,94.3418,284.367,91.462
1523362611229,ori,-20.8047,-0.466775,27.0634
1523362611237,acc,-0.489716,0.0727081,-0.846558
1523362611238,gyro,1.7231,-2.09287,-0.319735
1523362611239,mag,94.3418,284.367,91.462
1523362611240,ori,-22.0415,0.51005,27.3074
1523362611247,acc,-0.485916,0.15004,-0.782867
1523362611248,gyro,1.6182,-1.60773,-0.582975
1523362611248,mag,93.438,283.238,92.3002
1523362611249,ori,-23.0306,1.49959,27.396
1523362611257,acc,-0.367828,0.0808258,-0.70816
1523362611258,gyro,1.38501,-1.03323,-0.612438
1523362611259,mag,93.438,283.238,92.3002
1523362611260,ori,-23.6927,2.40535,27.4055
1523362611267,acc,-0.251328,-0.0402985,-0.641891
1523362611268,gyro,1.00823,-0.597349,-0.427506
1523362611268,mag,92.9852,282.561,92.4569
1523362611269,ori,-24.082,3.10138,27.4155
1523362611277,acc,-0.212906,-0.0707855,-0.594009
1523362611278,gyro,0.558826,-0.31483,-0.153066
1523362611279,mag,92.9852,282.561,92.4569
1523362611279,ori,-24.2892,3.50486,27.463
1523362611287,acc,-0.258011,-0.0708313,-0.640579
1523362611288,gyro,0.182764,-0.167934,0.063131
1523362611289,mag,92.7594,282.336,92.6102
1523362611289,ori,-24.3958,3.63958,27.5406
1523362611297,acc,-0.375244,-0.0827179,-0.803101
1523362611298,gyro,0.0502293,-0.14662,0.122967
1523362611299,mag,92.7594,282.336,92.6102
1523362611299,ori,-24.472,3.64559,27.6233
1523362611307,acc,-0.466934,-0.0984039,-0.959
1523362611308,gyro,0.127584,-0.263145,0.0787135
1523362611309,mag,92.6844,282.411,92.3862
1523362611310,ori,-24.5973,3.67368,27.7021
1523362611317,acc,-0.550751,-0.0920868,-1.06038
1523362611318,gyro,0.355473,-0.32821,-0.0574332
1523362611318,mag,92.6844,282.411,92.3862
1523362611319,ori,-24.7758,3.8287,27.7681
1523362611327,acc,-0.572342,-0.0623627,-1.13321
1523362611328,gyro,0.678028,-0.286209,-0.201249
1523362611329,mag,92.5336,282.11,92.7635
1523362611329,ori,-24.9395,4.17911,27.8291
1523362611337,acc,-0.489151,-0.0822449,-1.05824
1523362611338,gyro,0.801594,-0.30893,-0.219305
1523362611339,mag,92.5336,282.11,92.7635
1523362611339,ori,-25.1054,4.64491,27.9118
1523362611347,acc,-0.437119,-0.124191,-0.881912
1523362611348,gyro,0.639244,-0.288692,-0.178024
1523362611348,mag,92.7575,281.66,93.3606
1523362611349,ori,-25.2753,5.04844,27.9875
1523362611357,acc,-0.415436,-0.0904083,-0.826218
1523362611358,gyro,0.482489,-0.153347,-0.136735
1523362611359,mag,92.7575,281.66,93.3606
1523362611359,ori,-25.3772,5.35171,28.0439
1523362611367,acc,-0.423752,-0.0684662,-0.834793
1523362611368,gyro,0.387212,-0.0699008,-0.0980174
1523362611368,mag,92.6827,281.66,93.5116
1523362611368,ori,-25.419,5.58891,28.0941
1523362611377,acc,-0.456177,-0.0836945,-0.851517
1523362611378,gyro,0.323731,-0.0618295,-0.0771955
1523362611378,mag,92.6827,281.66,93.5116
1523362611378,ori,-25.4467,5.78341,28.1413
1523362611387,acc,-0.470383,-0.0995941,-0.859268
1523362611388,gyro,0.283159,-0.0886987,-0.0722295
1523362611388,mag,92.9821,281.435,93.7325
1523362611388,ori,-25.4867,5.952,28.1809
1523362611397,acc,-0.449387,-0.120392,-0.876175
1523362611398,gyro,0.259881,-0.146441,-0.0595587
1523362611398,mag,92.9821,281.435,93.7325
1523362611398,ori,-25.5523,6.10383,28.2185
1523362611407,acc,-0.423386,-0.134262,-0.907669
1523362611408,gyro,0.270051,-0.263844,-0.0261227
1523362611408,mag,92.6809,281.209,93.6619
1523362611409,ori,-25.6811,6.24871,28.2721
1523362611417,acc,-0.400558,-0.128052,-0.902039
1523362611418,gyro,0.296071,-0.344911,0.0031649
1523362611418,mag,92.6809,281.209,93.6619
1523362611418,ori,-25.8668,6.39843,28.348
1523362611427,acc,-0.406021,-0.110275,-0.900589
1523362611428,gyro,0.319943,-0.38207,0.000203199
1523362611428,mag,92.3044,281.059,93.0672
1523362611428,ori,-26.0809,6.55884,28.4352
1523362611437,acc,-0.436096,-0.101669,-0.897949
1523362611438,gyro,0.340554,-0.375357,-0.0307246
1523362611438,mag,92.3044,281.059,93.0672
1523362611439,ori,-26.2973,6.73582,28.5149
1523362611447,acc,-0.461197,-0.101425,-0.874786
1523362611448,gyro,0.338409,-0.334661,-0.0608253
1523362611448,mag,92.3037,280.758,93.5174
1523362611448,ori,-26.4958,6.90941,28.5804
1523362611457,acc,-0.463913,-0.123703,-0.860733
1523362611458,gyro,0.301642,-0.279379,-0.0676653
1523362611458,mag,92.3037,280.758,93.5174
1523362611459,ori,-26.6698,7.07519,28.6324
1523362611467,acc,-0.457245,-0.142715,-0.858765
1523362611468,gyro,0.258288,-0.233887,-0.0509487
1523362611468,mag,91.8534,280.682,93.5237
1523362611468,ori,-26.8174,7.21857,28.6811
1523362611477,acc,-0.456207,-0.146591,-0.862411
1523362611478,gyro,0.225883,-0.219237,-0.0351809
1523362611478,mag,91.8534,280.682,93.5237
1523362611479,ori,-26.9407,7.34596,28.7279
1523362611487,acc,-0.450012,-0.150909,-0.86969
1523362611487,gyro,0.191516,-0.244099,-0.00868004
1523362611488,mag,91.7787,280.757,93.5247
1523362611488,ori,-27.0519,7.45455,28.776
1523362611497,acc,-0.447037,-0.151611,-0.874298
1523362611498,gyro,0.158382,-0.270979,0.00280351
1523362611498,mag,91.7787,280.757,93.5247
1523362611499,ori,-27.1739,7.53763,28.8222
1523362611506,acc,-0.43689,-0.152084,-0.866135
1523362611507,gyro,0.141117,-0.274365,0.0176597
1523362611508,mag,91.4022,280.381,93.6802
1523362611508,ori,-27.3039,7.59792,28.8704
1523362611517,acc,-0.433334,-0.144272,-0.859741
1523362611518,gyro,0.128116,-0.261678,0.0228899
1523362611518,mag,91.4022,280.381,93.6802
1523362611519,ori,-27.44,7.64299,28.9205
1523362611527,acc,-0.452789,-0.13678,-0.86821
1523362611528,gyro,0.136635,-0.228467,0.00363735
1523362611528,mag,91.479,280.68,93.979
1523362611528,ori,-27.5743,7.69154,28.967
1523362611537,acc,-0.466049,-0.130676,-0.886383
1523362611538,gyro,0.158194,-0.208985,-0.0240654
1523362611538,mag,91.479,280.68,93.979
1523362611538,ori,-27.6979,7.76841,29.0063
1523362611547,acc,-0.46022,-0.134567,-0.881943
1523362611548,gyro,0.163502,-0.190784,-0.032608
1523362611548,mag,92.0063,280.981,94.5714
1523362611548,ori,-27.8064,7.86378,29.0393
1523362611557,acc,-0.452484,-0.12114,-0.763992
1523362611558,gyro,0.120364,0.00298354,-0.0384984
1523362611558,mag,92.0063,280.981,94.5714
1523362611559,ori,-27.8474,7.91192,29.0558
1523362611567,acc,-0.465683,-0.123077,-0.783661
1523362611568,gyro,0.0393176,0.137069,-0.0683695
1523362611568,mag,92.0775,280.157,94.4958
1523362611568,ori,-27.7505,7.9972,29.0526
1523362611577,acc,-0.47287,-0.165344,-0.891678
1523362611577,gyro,0.0494999,0.0496719,-0.0585658
1523362611578,mag,92.0775,280.157,94.4958
1523362611578,ori,-27.6897,8.03913,29.036
1523362611587,acc,-0.475311,-0.163437,-0.940735
1523362611588,gyro,0.112384,-0.0683934,-0.0460647
1523362611588,mag,91.854,280.606,94.1987
1523362611589,ori,-27.6915,8.10792,29.0408
1523362611597,acc,-0.461456,-0.17598,-0.953064
1523362611598,gyro,0.148658,-0.24109,-0.0112654
1523362611598,mag,91.854,280.606,94.1987
1523362611599,ori,-27.7898,8.18882,29.0723
1523362611607,acc,-0.453659,-0.16246,-0.912933
1523362611608,gyro,0.15127,-0.344644,0.0177931
1523362611609,mag,91.5516,280.231,93.6782
1523362611609,ori,-27.8752,8.22421,29.0977
